{
  "name": "Excel",
  "description": "Connectors for read and Copy Excel files",
  "nodeClazz": "xiExcel",
  "allConnectorControlClasses": "xiExcelFileReadNode,xiExcelFileWriteNode,xiExcelSheetCopyNode,xiExcelSheetDeleteNode",
  "allConnectorControls": [
    {
      "name": "Excel File Read",
      "description": "Excel File Read",
      "nodeClazz": "xiExcelFileReadNode",
      "return": true,
      "fields": [
        {
          "controlType": "static,dynamic_value,reference_value",
          "key": "excelFilePath",
          "value": {},
          "label": "Excel File Path",
          "required": "true"
        },
        {
          "controlType": "textbox",
          "key": "sheetName",
          "label": "Sheet Name",
          "required": "true",
          "value": ""
        },
        {
          "controlType": "type_object",
          "key": "excelInputs",
          "value": {},
          "label": "Excel Inputs",
          "required": "true"
        },
        {
          "controlType": "dropdown",
          "key": "readOptions",
          "value": "",
          "label": "Read Options",
          "options": [
            {
              "key": "1",
              "value": "Read All Columns"
            },
            {
              "key": "2",
              "value": "Read Specified Columns"
            }
          ],
          "required": "true"
        },
        {
          "controlType": "table",
          "key": "columns",
          "label": "Columns",
          "required": "false",
          "value": "",
          "tableFields": [
            {
              "controlType": "textbox",
              "key": "columnName",
              "label": "Colunm Name",
              "required": "true",
              "value": ""
            }
          ]
        },
        {
          "controlType": "dynamic_object, reference_object",
          "key": "assignProperty",
          "value": {},
          "label": "Save Return To",
          "required": "true"
        },
        {
          "controlType": "textbox",
          "key": "errorMsg",
          "label": "Error Message",
          "required": "false",
          "value": ""
        },
        {
          "controlType": "dropdown",
          "key": "errorAction",
          "value": "",
          "label": "Error Action",
          "options": [
            {
              "key": "1",
              "value": "Log & Continue"
            },
            {
              "key": "2",
              "value": "Log & Exit"
            },
            {
              "key": "3",
              "value": "Return"
            }
          ],
          "required": "false"
        }
      ]
    },
    {
      "name": "Excel File Write",
      "description": "Excel File Write",
      "nodeClazz": "xiExcelFileWriteNode",
      "return": true,
      "fields": [
        {
          "controlType": "textbox",
          "key": "sheetName",
          "label": "Sheet Name",
          "required": "true",
          "value": ""
        },
        {
          "controlType": "static,dynamic_value,dynamic_object,reference_value,reference_object",
          "key": "property",
          "value": {},
          "label": "Excel Inputs",
          "required": "true"
        },
        {
          "controlType": "static,dynamic_value,reference_value",
          "key": "assignProperty",
          "value": {},
          "label": "Save Excel Path to",
          "required": "true"
        },
        {
          "controlType": "textbox",
          "key": "errorMsg",
          "label": "Error Message",
          "required": "false",
          "value": ""
        },
        {
          "controlType": "dropdown",
          "key": "errorAction",
          "value": "",
          "label": "Error Action",
          "options": [
            {
              "key": "1",
              "value": "Log & Continue"
            },
            {
              "key": "2",
              "value": "Log & Exit"
            },
            {
              "key": "3",
              "value": "Return"
            }
          ],
          "required": "false"
        }
      ]
    },
    {
      "name": "Excel Sheet Delete",
      "description": "Excel Sheet Delete",
      "nodeClazz": "xiExcelSheetDeleteNode",
      "return": true,
      "fields": [
        {
          "controlType": "static,dynamic_value,reference_value",
          "key": "excelFilePath",
          "value": {},
          "label": "Excel File Path",
          "required": "true"
        },
        {
          "controlType": "textbox",
          "key": "sheetName",
          "label": "Sheet Name",
          "required": "true",
          "value": ""
        },
        {
          "controlType": "textbox",
          "key": "errorMsg",
          "label": "Error Message",
          "required": "false",
          "value": ""
        },
        {
          "controlType": "dropdown",
          "key": "errorAction",
          "value": "",
          "label": "Error Action",
          "options": [
            {
              "key": "1",
              "value": "Log & Continue"
            },
            {
              "key": "2",
              "value": "Log & Exit"
            },
            {
              "key": "3",
              "value": "Return"
            }
          ],
          "required": "false"
        }
      ]
    },
    {
      "name": "Excel Sheet Copy",
      "description": "Excel Sheet Copy",
      "nodeClazz": "xiExcelSheetCopyNode",
      "return": true,
      "fields": [
        {
          "controlType": "static,dynamic_value,reference_value",
          "key": "excelFilePath",
          "value": {},
          "label": "Excel File Path",
          "required": "true"
        },
        {
          "controlType": "textbox",
          "key": "sheetName",
          "label": "Sheet Name",
          "required": "true",
          "value": ""
        },
        {
          "controlType": "textbox",
          "key": "newsheetName",
          "label": "New Sheet Name",
          "required": "true",
          "value": ""
        },
        {
          "controlType": "textbox",
          "key": "errorMsg",
          "label": "Error Message",
          "required": "false",
          "value": ""
        },
        {
          "controlType": "dropdown",
          "key": "errorAction",
          "value": "",
          "label": "Error Action",
          "options": [
            {
              "key": "1",
              "value": "Log & Continue"
            },
            {
              "key": "2",
              "value": "Log & Exit"
            },
            {
              "key": "3",
              "value": "Return"
            }
          ],
          "required": "false"
        }
      ]
    }
  ]
}
