{
  "name": "Pdf",
  "description": "Connectors for generate pdf",
  "nodeClazz": "xiPdfGenerateNode",
  "allConnectorControlClasses": "xiPdfGenerateNode",
  "allConnectorControls": [
    {
      "name": "PDF File",
      "description": "Generated pdf file",
      "nodeClazz": "xiPdfGenerateNode",
      "return": true,
      "fields": [
        {
          "controlType": "static,dynamic_value,reference_value",
          "key": "headerImgPath",
          "value": {},
          "label": "Header Image Path",
          "required": "false"
        },
        {
          "controlType": "textbox",
          "key": "headerTitleText",
          "label": "Header Title Text",
          "required": "false",
          "value": ""
        },
        {
          "controlType": "dropdown",
          "key": "headerFontSize",
          "value": "",
          "label": "Header FontSize",
          "options": [
            {
              "key": "6",
              "value": "6"
            },
            {
              "key": "7",
              "value": "7"
            },
            {
              "key": "8",
              "value": "8"
            },
            {
              "key": "9",
              "value": "9"
            },
            {
              "key": "10",
              "value": "10"
            },
            {
              "key": "10.5",
              "value": "10.5"
            },
            {
              "key": "11",
              "value": "11"
            },
            {
              "key": "12",
              "value": "12"
            },
            {
              "key": "13",
              "value": "13"
            },
            {
              "key": "14",
              "value": "14"
            },
            {
              "key": "15",
              "value": "15"
            },
            {
              "key": "16",
              "value": "16"
            },
            {
              "key": "17",
              "value": "17"
            },
            {
              "key": "18",
              "value": "18"
            },
            {
              "key": "20",
              "value": "20"
            },
            {
              "key": "22",
              "value": "22"
            },
            {
              "key": "24",
              "value": "24"
            },
            {
              "key": "28",
              "value": "28"
            },
            {
              "key": "30",
              "value": "30"
            },
            {
              "key": "36",
              "value": "36"
            }
          ],
          "required": "true"
        },
        {
          "controlType": "textbox",
          "key": "footerText",
          "label": "FooterText",
          "required": "false",
          "value": ""
        },
        {
          "controlType": "dropdown",
          "key": "footerFontSize",
          "value": "",
          "label": "Footer FontSize",
          "options": [
            {
              "key": "6",
              "value": "6"
            },
            {
              "key": "7",
              "value": "7"
            },
            {
              "key": "8",
              "value": "8"
            },
            {
              "key": "9",
              "value": "9"
            },
            {
              "key": "10",
              "value": "10"
            },
            {
              "key": "10.5",
              "value": "10.5"
            },
            {
              "key": "11",
              "value": "11"
            },
            {
              "key": "12",
              "value": "12"
            },
            {
              "key": "13",
              "value": "13"
            },
            {
              "key": "14",
              "value": "14"
            },
            {
              "key": "15",
              "value": "15"
            },
            {
              "key": "16",
              "value": "16"
            },
            {
              "key": "17",
              "value": "17"
            },
            {
              "key": "18",
              "value": "18"
            },
            {
              "key": "20",
              "value": "20"
            },
            {
              "key": "22",
              "value": "22"
            },
            {
              "key": "24",
              "value": "24"
            },
            {
              "key": "28",
              "value": "28"
            },
            {
              "key": "30",
              "value": "30"
            },
            {
              "key": "36",
              "value": "36"
            }
          ],
          "required": "true"
        },
        {
          "controlType": "dropdown",
          "key": "pageNumber",
          "value": "",
          "label": "Footer Options",
          "options": [
            {
              "key": "false",
              "value": "Footer Text Only"
            },
            {
              "key": "true",
              "value": "Page Number With Footer Text"
            }
          ],
          "required": "false"
        },
        {
          "controlType": "table",
          "key": "bodyText",
          "label": "Body Text",
          "required": "true",
          "value": "",
          "tableFields": [
            {
              "controlType": "textbox",
              "key": "textLine",
              "label": "Body Text Line",
              "required": "false",
              "value": ""
            }
          ]
        },
        {
          "controlType": "dropdown",
          "key": "bodyFontSize",
          "value": "",
          "label": "Body FontSize",
          "options": [
            {
              "key": "6",
              "value": "6"
            },
            {
              "key": "7",
              "value": "7"
            },
            {
              "key": "8",
              "value": "8"
            },
            {
              "key": "9",
              "value": "9"
            },
            {
              "key": "10",
              "value": "10"
            },
            {
              "key": "10.5",
              "value": "10.5"
            },
            {
              "key": "11",
              "value": "11"
            },
            {
              "key": "12",
              "value": "12"
            },
            {
              "key": "13",
              "value": "13"
            },
            {
              "key": "14",
              "value": "14"
            },
            {
              "key": "15",
              "value": "15"
            },
            {
              "key": "16",
              "value": "16"
            },
            {
              "key": "17",
              "value": "17"
            },
            {
              "key": "18",
              "value": "18"
            },
            {
              "key": "20",
              "value": "20"
            },
            {
              "key": "22",
              "value": "22"
            },
            {
              "key": "24",
              "value": "24"
            },
            {
              "key": "28",
              "value": "28"
            },
            {
              "key": "30",
              "value": "30"
            },
            {
              "key": "36",
              "value": "36"
            }
          ],
          "required": "true"
        },
        {
          "controlType": "dropdown",
          "key": "bodyAlignment",
          "value": "",
          "label": "Body Alignment",
          "options": [
            {
              "key": "L",
              "value": "Left"
            },
            {
              "key": "R",
              "value": "Right"
            },
            {
              "key": "C",
              "value": "Center"
            }
          ],
          "required": "true"
        },
        {
          "controlType": "static,dynamic_value,dynamic_object,reference_value,reference_object",
          "key": "property",
          "value": {},
          "label": "PDF Inputs",
          "required": "true"
        },
        {
          "controlType": "static,dynamic_value,reference_value",
          "key": "assignProperty",
          "value": {},
          "label": "Save PDF Path to",
          "required": "false"
        },
        {
          "controlType": "textbox",
          "key": "errorMsg",
          "label": "Error Message",
          "required": "false",
          "value": ""
        },
        {
          "controlType": "dropdown",
          "key": "errorAction",
          "value": "",
          "label": "Error Action",
          "options": [
            {
              "key": "1",
              "value": "Log & Continue"
            },
            {
              "key": "2",
              "value": "Log & Exit"
            },
            {
              "key": "3",
              "value": "Return"
            }
          ],
          "required": "false"
        }
      ]
    }
  ]
}
