{
  "name": "Shopify",
  "description": "Connectors for interaction with Shopify",
  "nodeClazz": "xiShopify",
  "allConnectorControlClasses": "CONNECTOR_INIT_xiShopifyInitNode_shopify,CONNECTOR_xiShopifyProductNode_shopify,CONNECTOR_xiShopifyOrderNode_shopify,CONNECTOR_xiShopifyInventoryNode_shopify",
  "allConnectorControls": [
    {
      "name": "Shopify Init",
      "description": "Shopify Initialization",
      "nodeClazz": "CONNECTOR_INIT_xiShopifyInitNode_shopify",
      "return": false,
      "fields": [
        {
          "controlType": "textbox",
          "key": "user",
          "label": "User",
          "required": "true",
          "value": ""
        },
        {
          "controlType": "textbox",
          "key": "password",
          "label": "Password",
          "value": "",
          "required": "true"
        },
        {
          "controlType": "textbox",
          "key": "store",
          "label": "Store",
          "value": "",
          "required": "true"
        }
      ]
    },
    {
      "name": "Shopify Product",
      "description": "Shopify Product",
      "nodeClazz": "CONNECTOR_xiShopifyProductNode_shopify",
      "return": true,
      "fields": [
        {
          "controlType": "dropdown",
          "key": "type",
          "value": "",
          "label": "Type",
          "options": [
            {
              "key": "PRODUCT",
              "value": "PRODUCT"
            }
          ],
          "required": "true"
        },
        {
          "controlType": "dropdown",
          "key": "action",
          "value": "",
          "label": "Action",
          "options": [
            {
              "key": "Creates_a_new_product_from_Json",
              "value": "Creates a new product from Json"
            },
            {
              "key": "Updates_a_product",
              "value": "Updates a product"
            },
            {
              "key": "Get_all_products",
              "value": "Get all products"
            },
            {
              "key": "Creates_a_new_product",
              "value": "Creates a new product"
            },
            {
              "key": "Find_product",
              "value": "Find product"
            }
          ],
          "required": "true"
        },
        {
          "controlType": "static,dynamic_value,dynamic_object",
          "key": "product",
          "value": {},
          "label": "Input",
          "required": "true"
        },
        {
          "controlType": "type_object",
          "key": "return",
          "value": {},
          "label": "Return",
          "required": "true"
        },
        {
          "controlType": "dropdown",
          "key": "returnRecord",
          "value": "",
          "label": "Return Record",
          "options": [
            {
              "key": "s",
              "value": "Single"
            },
            {
              "key": "m",
              "value": "Multiple"
            }
          ],
          "required": "true"
        }
      ]
    },
    {
      "name": "Shopify Order",
      "description": "Shopify orders",
      "nodeClazz": "CONNECTOR_xiShopifyOrderNode_shopify",
      "return": true,
      "fields": [
        {
          "controlType": "dropdown",
          "key": "type",
          "value": "",
          "label": "Type",
          "options": [
            {
              "key": "ORDER",
              "value": "ORDER"
            }
          ],
          "required": "true"
        },
        {
          "controlType": "dropdown",
          "key": "action",
          "value": "",
          "label": "Action",
          "options": [
            {
              "key": "Retrieves_a_list_of_orders",
              "value": "Retrieves a list of orders"
            }
          ],
          "required": "true"
        },
        {
          "controlType": "static,dynamic_value,dynamic_object",
          "key": "order",
          "value": {},
          "label": "Input",
          "required": "true"
        },
        {
          "controlType": "type_object",
          "key": "return",
          "value": {},
          "label": "Return",
          "required": "true"
        },
        {
          "controlType": "dropdown",
          "key": "returnRecord",
          "value": "",
          "label": "Return Record",
          "options": [
            {
              "key": "s",
              "value": "Single"
            },
            {
              "key": "m",
              "value": "Multiple"
            }
          ],
          "required": "true"
        }
      ]
    },
    {
      "name": "Shopify Inventory",
      "description": "Shopify Inventory",
      "nodeClazz": "CONNECTOR_xiShopifyInventoryNode_shopify",
      "return": true,
      "fields": [
        {
          "controlType": "dropdown",
          "key": "type",
          "value": "",
          "label": "Type",
          "options": [
            {
              "key": "INVENTORY",
              "value": "INVENTORY"
            }
          ],
          "required": "true"
        },
        {
          "controlType": "dropdown",
          "key": "action",
          "value": "",
          "label": "Action",
          "options": [
            {
              "key": "Set_Inventory_Adjustment",
              "value": "Set Inventory Adjustment"
            }
          ],
          "required": "true"
        },
        {
          "controlType": "static,dynamic_value,dynamic_object",
          "key": "inventory",
          "value": {},
          "label": "Input",
          "required": "true"
        },
        {
          "controlType": "type_object",
          "key": "return",
          "value": {},
          "label": "Return",
          "required": "true"
        },
        {
          "controlType": "dropdown",
          "key": "returnRecord",
          "value": "",
          "label": "Return Record",
          "options": [
            {
              "key": "s",
              "value": "Single"
            },
            {
              "key": "m",
              "value": "Multiple"
            }
          ],
          "required": "true"
        }
      ]
    },
    {
      "name": "Shopify Event",
      "description": "Shopify Event",
      "nodeClazz": "CONNECTOR_xiShopifyEventNode_shopify",
      "return": true,
      "fields": [
        {
          "controlType": "dropdown",
          "key": "type",
          "value": "",
          "label": "Type",
          "options": [
            {
              "key": "ARTICLE",
              "value": "ARTICLE"
            },
            {
              "key": "ORDER",
              "value": "ORDER"
            },
            {
              "key": "PRODUCT",
              "value": "PRODUCT"
            }
          ],
          "required": "true"
        },
        {
          "controlType": "dropdown",
          "key": "verb",
          "value": "",
          "label": "Verb",
          "options": [
            {
              "key": "create",
              "value": "Create"
            },
            {
              "key": "destroy",
              "value": "Destroy"
            },
            {
              "key": "published",
              "value": "Published"
            },
            {
              "key": "unpublished",
              "value": "Unpublished"
            }
          ],
          "required": "true"
        },
        {
          "controlType": "dropdown",
          "key": "action",
          "value": "",
          "label": "Action",
          "options": [
            {
              "key": "Get_Event_For_Time",
              "value": "Get Event For Time"
            }
          ],
          "required": "true"
        },
        {
          "controlType": "static,dynamic_value,dynamic_object",
          "key": "event",
          "value": {},
          "label": "Input",
          "required": "true"
        },
        {
          "controlType": "type_object",
          "key": "return",
          "value": {},
          "label": "Return",
          "required": "true"
        },
        {
          "controlType": "dropdown",
          "key": "returnRecord",
          "value": "",
          "label": "Return Record",
          "options": [
            {
              "key": "s",
              "value": "Single"
            },
            {
              "key": "m",
              "value": "Multiple"
            }
          ],
          "required": "true"
        }
      ]
    }
  ]
}
